createdOn,expirieOn,code,usedOn
2025-05-04,2025-05-11,rZm2qV27WF,
2025-05-04,2025-05-11,xu9+C4jcp+,
2025-05-04,2025-05-11,DPBkpkx3UU,
2025-05-04,2025-05-11,dST+Ud=2wt,
2025-05-11,2025-05-18,hyUEyDGN9#,
2025-05-11,2025-05-18,AsYRYXVjgy,
2025-05-11,2025-05-18,UGfkkugEJX,
2025-05-11,2025-05-18,k55EHBujf7,
2025-05-18,2025-05-25,hfX55yd38A,2025-05-21
2025-05-18,2025-05-25,5huEmD2Rkq,2025-05-22
2025-05-18,2025-05-25,dn7=rMdJAU,2025-05-24
2025-05-18,2025-05-25,8pXKqhUeqf,2025-05-19
2025-05-25,2025-06-01,B8xcVCCd#M,2025-05-28
2025-05-25,2025-06-01,BBfZZC55q6,2025-05-29
2025-05-25,2025-06-01,#+J2N2nRYt,
2025-05-25,2025-06-01,EXWsqCDHDH,
2025-06-01,2025-06-08,mA78GCMB8y,
2025-06-01,2025-06-08,p6dYANVN7j,
2025-06-01,2025-06-08,N5zYy3Ahr+,
2025-06-01,2025-06-08,yxvxptqV8a,
2025-06-08,2025-06-15,7wrM3+55#h,2025-06-09
2025-06-08,2025-06-15,qtvsJx3HkE,2025-06-08
2025-06-08,2025-06-15,w9v5CdVa7Q,
2025-06-08,2025-06-15,U92QF6c#v8,
2025-06-15,2025-06-22,MdhsgQUm7X,
2025-06-15,2025-06-22,RbYbfvkUy7,
2025-06-15,2025-06-22,aZgAcMunWs,
2025-06-15,2025-06-22,AeP3=5rZKE,
2025-06-22,2025-06-29,N31fy+KrKu,
2025-06-22,2025-06-29,1xkE6BBY==,
2025-06-22,2025-06-29,8AjXu7JgQ=,
2025-06-22,2025-06-29,syVhVsGkF9,
2025-06-29,2025-07-06,QYJBJ8ZETW,
2025-06-29,2025-07-06,HGFSeSr8pY,
2025-06-29,2025-07-06,U6y+7fa61s,
2025-06-29,2025-07-06,hTX+WHT5Jn,
2025-07-06,2025-07-13,kh#K5Wjux#,
2025-07-06,2025-07-13,uJSs9nWg7Q,
2025-07-06,2025-07-13,4h8ChfVMM+,
2025-07-06,2025-07-13,z851vWMhuH,2025-07-12
2025-07-13,2025-07-20,KyEVeh3fNZ,2025-07-16
2025-07-13,2025-07-20,QPuPHUGjct,
2025-07-13,2025-07-20,YbXU6M8Y2m,
2025-07-13,2025-07-20,ygUTEymnnG,2025-07-13
2025-07-20,2025-07-27,dR6#5uWTFU,2025-07-25
2025-07-20,2025-07-27,GCV1PWdX8h,
2025-07-20,2025-07-27,g8341herY#,
2025-07-20,2025-07-27,sQmrVfnRAH,
2025-07-27,2025-08-03,4hfHAR=JZP,
2025-07-27,2025-08-03,NAhYM9qRD6,
2025-07-27,2025-08-03,hE91QQV6Q5,2025-07-29
2025-07-27,2025-08-03,bXSGyJgw1e,
2025-08-03,2025-08-10,qprzHf8eGK,
2025-08-03,2025-08-10,YZvQJBefPZ,
2025-08-03,2025-08-10,sxvPp6b67T,
2025-08-03,2025-08-10,AbvACskwN6,
2025-08-10,2025-08-17,sbEjPsUc#a,2025-08-15
2025-08-10,2025-08-17,TM=3VSNNtA,
2025-08-10,2025-08-17,QknGxjSGW5,
2025-08-10,2025-08-17,cj8pmTUnQm,
2025-08-17,2025-08-24,vmBeFmRuUb,
2025-08-17,2025-08-24,2QRSHMAD3q,
2025-08-17,2025-08-24,fszpgxQr+5,2025-08-23
2025-08-17,2025-08-24,DwS3hKJwSM,2025-08-21
2025-08-24,2025-08-31,VGz1RxDeRa,
2025-08-24,2025-08-31,sNWV9KmetM,
2025-08-24,2025-08-31,wDrG9pJRxF,
2025-08-24,2025-08-31,WgXgZ#fX9t,
2025-08-31,2025-09-07,JgddVpUEx9,
2025-08-31,2025-09-07,1nkfF#NGcX,
2025-08-31,2025-09-07,28nNWYzUSQ,2025-09-04
2025-08-31,2025-09-07,K3W3ejUrVj,2025-09-06
2025-09-07,2025-09-14,bBkfxDjsrz,
2025-09-07,2025-09-14,34PfMT6YxT,
2025-09-07,2025-09-14,nb3Ag+FPpJ,
2025-09-07,2025-09-14,PX3gFkN8qj,
2025-09-14,2025-09-21,sj#8P4ZVAC,
2025-09-14,2025-09-21,fntRm7k5jV,2025-09-17
2025-09-14,2025-09-21,xzUVncpUpT,
2025-09-14,2025-09-21,+#xX6MzB8R,
2025-09-21,2025-09-28,Eaw5f5cWJe,
2025-09-21,2025-09-28,Ng9KTdE1dq,
2025-09-21,2025-09-28,=17cCsWMgH,
2025-09-21,2025-09-28,KK7sT++mXg,
2025-09-28,2025-10-05,7e2CYGc1hS,
2025-09-28,2025-10-05,r+AgCeFFW9,
2025-09-28,2025-10-05,t8Mg3h#Kk5,
2025-09-28,2025-10-05,KZc1a==1AQ,
2025-10-05,2025-10-12,g98vwVh2s4,
2025-10-05,2025-10-12,WPd19esTkT,
2025-10-05,2025-10-12,PwgVS4Tt3j,
2025-10-05,2025-10-12,6pvknp2pc+,
2025-10-12,2025-10-19,HwQmKsvwV+,
2025-10-12,2025-10-19,c9gYPTjUTM,
2025-10-12,2025-10-19,4P1QsVmuju,
2025-10-12,2025-10-19,bM#kMqFuYK,
2025-10-19,2025-10-26,WVY+c3EjVM,
2025-10-19,2025-10-26,kDAcgjydE3,
2025-10-19,2025-10-26,3#nHS1jXN=,
2025-10-19,2025-10-26,kBWCmvvHv+,2025-10-20
2025-10-26,2025-11-02,=dMrdkuc#s,
2025-10-26,2025-11-02,y2Ep=v4Z6T,
2025-10-26,2025-11-02,dyJFwmymnx,
2025-10-26,2025-11-02,NWJjJTCxrV,
2025-11-02,2025-11-09,,
2025-11-02,2025-11-09,,
2025-11-02,2025-11-09,,
2025-11-02,2025-11-09,,
2025-11-09,2025-11-16,JkN3+xGeD5,
2025-11-09,2025-11-16,6RdM61me7+,
2025-11-09,2025-11-16,d7ZuMRcYkY,
2025-11-09,2025-11-16,SMK#GZwg9Z,
2025-11-16,2025-11-23,qVthmMHcxh,
2025-11-16,2025-11-23,CsDV4++Anb,
2025-11-16,2025-11-23,7Z+MUBqR7b,
2025-11-16,2025-11-23,VcmCqgr+BR,
2025-11-23,2025-11-30,npnAkbCHeT,
2025-11-23,2025-11-30,AH2SEqYete,
2025-11-23,2025-11-30,pRhZYRmeAh,
2025-11-23,2025-11-30,=CBHG36zVN,
2025-11-30,2025-12-07,fucC5CT65p,
2025-11-30,2025-12-07,CysTcuUz=H,
2025-11-30,2025-12-07,XtCFSDQGuK,
2025-11-30,2025-12-07,kQKwGcj8s7,
2025-12-07,2025-12-14,wUP+Hd4NRx,2025-12-10
2025-12-07,2025-12-14,uXtcqUGgjn,
2025-12-07,2025-12-14,xb5tvK2sFY,2025-12-12
2025-12-07,2025-12-14,EPtB+tWQ5m,
