date,totalNode
2025-09-18,16625
2025-09-19,16627
2025-09-20,16627
2025-09-21,16628
2025-09-22,16628
2025-09-23,16631
2025-09-24,16633
2025-09-25,16634
2025-09-26,16640
2025-09-27,16640
2025-09-28,16640
2025-09-29,16640
2025-09-30,16640
2025-10-01,16641
2025-10-02,16642
2025-10-03,16643
2025-10-04,16648
2025-10-05,16649
2025-10-06,16649
2025-10-07,16649
2025-10-08,16651
2025-10-09,16654
2025-10-10,16654
2025-10-11,16679
2025-10-12,16689
2025-10-13,16691
2025-10-14,16694
2025-10-15,16705
2025-10-16,16705
2025-10-17,16710
2025-10-18,16711
2025-10-19,16713
2025-10-20,16717
2025-10-21,16719
2025-10-22,16722
2025-10-23,16724
2025-10-24,16726
2025-10-25,16727
2025-10-26,16730
2025-10-27,16733
2025-10-28,16737
2025-10-29,16743
2025-10-30,16745
2025-10-31,16754
2025-11-01,16761
2025-11-02,16763
2025-11-03,16763
2025-11-04,16764
2025-11-05,16765
2025-11-06,16765
2025-11-07,16766
2025-11-08,16770
